id,firstname,surname,email,course
1,Koby,Dare,Astrid@salma.com
2,Kelli,Dicki,Ivory@ashtyn.me
3,Golden,Carter,Ari@flo.tv
4,Emory,Koch,Gene_Hilpert@laurie.io
5,Marjorie,Kilback,Antonia.Hauck@giuseppe.tv
6,Ernest,Hoeger,Maritza_Mann@abelardo.tv
7,Rebecca,Hudson,Reynold_Ferry@bennett.us
8,Josefina,Hirthe,Augustine@cassie.tv
9,Wanda,Ebert,Amina.Farrell@charlie.net
10,Burnice,Denesik,Tyrese@don.ca
11,Harold,Moen,Neil@merlin.name
12,Brennon,Spencer,Alexandria@eva.io
13,Stanley,Ziemann,Micaela@millie.info
14,Forest,Rempel,Chyna_Nolan@elody.org
15,Gregory,Zboncak,Annamae_Runte@soledad.us
16,Valentine,Weimann,Jeromy_Blick@katrine.biz
17,Alexandria,Waelchi,Everette_Torphy@halle.biz
18,Florian,Altenwerth,Adelbert.Ryan@francisca.org
19,Faye,Zieme,Joannie.Brown@sigurd.co.uk
20,Raleigh,Beatty,Alessandra_Hayes@jamal.biz
21,Dolly,Kuhic,Sonny@golda.net
22,Mikel,Koepp,Rosella@cruz.biz
23,May,Pfannerstill,Dave@carlee.me
24,Otho,Douglas,Walter@karley.biz
25,Napoleon,Conroy,Charley.Orn@frances.co.uk
26,Elza,Doyle,Isobel@simone.biz
27,Maci,Schulist,Reginald.Klein@keshawn.name
28,Kyler,Hansen,Lorine@rebeka.com
29,Jean,Conn,Zackary.Dickinson@gonzalo.info
30,Reilly,Yost,Herman@avis.me
31,Shad,Quigley,Roy@judah.com
32,Beatrice,Quitzon,Jana@herta.name
33,Lonny,Langworth,Sophia.Paucek@jamir.net
34,Rosalinda,Kiehn,Gia@nestor.us
35,Rebekah,Parker,Faustino@shane.us
36,Rhoda,Kuhlman,Roel@kianna.net
37,Judd,Cruickshank,Bell@buddy.co.uk
38,Sarah,Yundt,Marcia@noe.org
39,Russ,Pacocha,Shakira_Kessler@moriah.co.uk
40,Kali,Purdy,Ignatius@madison.info
41,Janick,Block,Lamont@david.info
42,Ford,Waelchi,Marta.Grimes@malinda.org
43,Francesca,Batz,Janie.Klocko@dallin.net
44,Lukas,Rogahn,Gage.Willms@ruben.me
45,Wilhelmine,Funk,Daphne@darryl.biz
46,Jude,Nader,Payton@rupert.org
47,Frankie,Stroman,Saul@gia.name
48,Mina,Jaskolski,Amos_Effertz@jennie.info
49,Mack,Zieme,Martin@isabelle.com
50,Celestine,Tromp,Loy@evalyn.us
51,Zella,Nitzsche,Bridgette@gordon.us
52,Ila,Kuphal,Terrance.Rowe@mario.co.uk
53,Eda,Cruickshank,Abelardo@elza.ca
54,Jaylen,Koepp,Norbert@kristian.io
55,Kristina,Kohler,Aidan@nona.name
56,Sean,Ondricka,Kristin.Rolfson@madelyn.tv
57,Estelle,Leuschke,Chauncey.Hoeger@jeramie.tv
58,Roselyn,Funk,Korbin@hallie.io
59,Kariane,Romaguera,Jocelyn_Fadel@lauryn.com
60,Adrian,Nitzsche,Markus.Gulgowski@nicolas.tv
61,Maggie,Windler,Shayna.Lesch@donny.io
62,Ken,Blanda,Modesta_Aufderhar@belle.co.uk
63,Antone,Reilly,Ford@garfield.name
64,Yadira,Cassin,Anastacio@murray.net
65,Marge,Macejkovic,Retha@griffin.me
66,Rogers,Feest,Keshawn_Kuvalis@orlando.name
67,Candelario,Fadel,Kailee_Casper@reina.me
68,Eldridge,Shields,Rachel_Block@olin.info
69,Lavina,Romaguera,Cathrine@virgie.us
70,Matt,Hessel,Skyla@gonzalo.net
71,Barrett,Donnelly,Sheila.Abshire@david.io
72,Betty,Hagenes,Linda@monte.me
73,Alphonso,Schmeler,Raphael_Senger@vernon.biz
74,Selmer,Shields,Michelle.Rice@pat.me
75,Earl,Kemmer,Terry.Rau@brennan.com
76,Sharon,Kunde,Julius@isabell.io
77,Jeffry,Jacobs,Juliana.Stanton@magnolia.ca
78,Eliane,Ritchie,Kaleigh.Durgan@verner.us
79,Howard,Erdman,Arthur_Stroman@quinn.com
80,Lance,Schimmel,Dovie.Williamson@alycia.org
81,Elliott,Tillman,Bethel@jess.com
82,Emanuel,Boyle,Claude@brent.us
83,Norma,Feest,Abdullah.Terry@leonardo.net
84,Jenifer,O'Conner,Virgie@robert.name
85,Lilliana,Towne,Henri@breana.org
86,Verner,Padberg,Florencio@barney.com
87,Adelia,Stiedemann,Jessika.Nader@glennie.name
88,Tristin,Turcotte,Joyce_Jaskolski@emmalee.name
89,Cooper,Pouros,Chase_Kub@emely.us
90,Judy,Romaguera,Charlotte@earl.info
91,Maxie,Tremblay,Annamae.Upton@roma.biz
92,Akeem,Barrows,Wellington@mara.ca
93,Florencio,Funk,Kenna@vicky.us
94,Margarita,Welch,Wellington_Cormier@novella.tv
95,Helmer,Legros,Ubaldo@bessie.us
96,Carole,Labadie,Josh@kelvin.io
97,Desiree,Klein,Isidro_Homenick@jerald.biz
98,Eloy,Kuvalis,Annabelle_Okuneva@christelle.com
99,Lucinda,Macejkovic,Ada_Wuckert@kirk.us
100,Emilia,Bosco,Yasmin@darwin.us
